,url
0,https://smith.langchain.com/o/80231dbb-1e31-4379-b804-df697b777bc6/projects/p/87a9983e-9b6d-4533-8ec7-763d4201f390/r/0fafaa3b-4e3c-461e-8149-f13f8ab788b0?trace_id=0fafaa3b-4e3c-461e-8149-f13f8ab788b0&start_time=2024-10-30T10:21:38.764369
1,https://smith.langchain.com/o/80231dbb-1e31-4379-b804-df697b777bc6/projects/p/c9b9154a-0baf-414e-8f5c-f9ce59076ef6/r/562d9814-2fe9-4d18-b796-b8a66044b86b?trace_id=562d9814-2fe9-4d18-b796-b8a66044b86b&start_time=2024-10-30T09:55:37.597209
2,https://smith.langchain.com/o/80231dbb-1e31-4379-b804-df697b777bc6/projects/p/9873315c-ab37-4d61-9275-205f4b3a68f4/r/1bac8ca7-ab98-442c-8d5c-88c6b73e8646?trace_id=1bac8ca7-ab98-442c-8d5c-88c6b73e8646&start_time=2024-10-30T09:36:11.001229
3,https://smith.langchain.com/o/80231dbb-1e31-4379-b804-df697b777bc6/projects/p/4f855ce3-c717-4808-8c40-2a31168ddc3c/r/0224abf7-f5f3-4e68-93c1-118406f01fcb?trace_id=0224abf7-f5f3-4e68-93c1-118406f01fcb&start_time=2024-10-31T23:21:37.343924
4,https://smith.langchain.com/o/80231dbb-1e31-4379-b804-df697b777bc6/projects/p/4be01650-c1bd-4804-8e9a-8b2529ca78c2/r/d0eeb840-0624-4dc2-8035-67bd4173ac20?trace_id=d0eeb840-0624-4dc2-8035-67bd4173ac20&start_time=2024-11-01T03:20:03.907441
5,https://smith.langchain.com/o/80231dbb-1e31-4379-b804-df697b777bc6/projects/p/2418228a-cd89-4830-8bed-818a50cad291/r/a61da5a9-290a-47dc-a631-96c01e9e7b7a?trace_id=a61da5a9-290a-47dc-a631-96c01e9e7b7a&start_time=2024-11-01T07:29:07.589628
6,https://smith.langchain.com/o/80231dbb-1e31-4379-b804-df697b777bc6/projects/p/5e7ab020-c988-4ba6-8957-7f4a33275960/r/a8124cf1-97e8-4b62-b276-ca2a002002c1?trace_id=a8124cf1-97e8-4b62-b276-ca2a002002c1&start_time=2024-11-01T06:07:08.619668
7,https://smith.langchain.com/o/80231dbb-1e31-4379-b804-df697b777bc6/projects/p/e4246dca-2aa3-48d4-8784-8f73d220d35d/r/e9992986-ad5e-41ba-ae31-73a0d7520fb1?trace_id=e9992986-ad5e-41ba-ae31-73a0d7520fb1&start_time=2024-11-01T12:07:06.163585
8,https://smith.langchain.com/o/80231dbb-1e31-4379-b804-df697b777bc6/projects/p/e4246dca-2aa3-48d4-8784-8f73d220d35d/r/01366fb9-6cef-42d6-8ecb-f89829207f8f?trace_id=01366fb9-6cef-42d6-8ecb-f89829207f8f&start_time=2024-11-01T12:04:40.361779
9,https://smith.langchain.com/o/80231dbb-1e31-4379-b804-df697b777bc6/projects/p/8c05e719-f5ca-4e9f-a6ee-a4773e740635/r/43c56422-9847-43ae-9cd4-aab70896a9ee?trace_id=43c56422-9847-43ae-9cd4-aab70896a9ee&start_time=2024-11-01T18:23:05.196296
10,https://smith.langchain.com/o/80231dbb-1e31-4379-b804-df697b777bc6/projects/p/d0b75104-a98e-4988-a4e2-e0bd54160eb8/r/4c310462-b675-45e2-a2c8-aa0e6af5db12?trace_id=4c310462-b675-45e2-a2c8-aa0e6af5db12&start_time=2024-11-01T17:39:03.673036
11,https://smith.langchain.com/o/80231dbb-1e31-4379-b804-df697b777bc6/projects/p/03b64152-2684-43d6-a293-d15cff893b20/r/c5c74d69-3173-461b-a592-7e223632c7f5?trace_id=c5c74d69-3173-461b-a592-7e223632c7f5&start_time=2024-11-01T16:23:44.406339
12,https://smith.langchain.com/o/80231dbb-1e31-4379-b804-df697b777bc6/projects/p/30ea1f63-74d6-4825-9349-e7899c95979a/r/3d8e1215-e86a-4be0-b45c-996f05bbfb52?trace_id=3d8e1215-e86a-4be0-b45c-996f05bbfb52&start_time=2024-11-01T16:21:06.946100
13,https://smith.langchain.com/o/80231dbb-1e31-4379-b804-df697b777bc6/projects/p/01d896de-1de1-4d9d-b1c9-5d30e0cdfdf3/r/e1a11d07-db27-4ac0-978e-e045c4496162?trace_id=e1a11d07-db27-4ac0-978e-e045c4496162&start_time=2024-11-01T15:14:08.298715
